file,md5
BaselTMA_SP41_15.475kx12.665ky_10000x8500_5_20170905_106_18_X13Y5_248_mask.tiff,3cc534dc7f57bfb7f2f305b792818e9f
BaselTMA_SP41_15.475kx12.665ky_10000x8500_5_20170905_107_114_X13Y4_219_mask.tiff,eee679a6677b89b0f53b699291ec4e6d
BaselTMA_SP41_15.475kx12.665ky_10000x8500_5_20170905_108_117_X13Y3_187_mask.tiff,1375345a9b2234f7f065853f63619c9a
BaselTMA_SP41_15.475kx12.665ky_10000x8500_5_20170905_109_83_X13Y2_116_mask.tiff,769a0245d468df623cb6c7ac8f25288b
BaselTMA_SP41_15.475kx12.665ky_10000x8500_5_20170905_110_274_X13Y1_32_mask.tiff,f59f1eea3fc94b9d8daa44fe2e855851
BaselTMA_SP41_15.475kx12.665ky_10000x8500_5_20170905_114_42_X14Y5_250_mask.tiff,5406f54cb2848bca5106922acd818f52
BaselTMA_SP41_15.475kx12.665ky_10000x8500_5_20170905_121_100_X15Y5_252_mask.tiff,bcb7aba370a086be8aadca64c855ca3d
BaselTMA_SP41_15.475kx12.665ky_10000x8500_5_20170905_122_166_X15Y4_231_mask.tiff,c0a1ab99cc6e665047ca4c55a30a8068
BaselTMA_SP41_15.475kx12.665ky_10000x8500_5_20170905_123_86_X15Y3_203_mask.tiff,91abf7bf4101db2070d3ed561ddc28bd
BaselTMA_SP41_15.475kx12.665ky_10000x8500_5_20170905_124_31_X15Y2_140_mask.tiff,c1f577f543c32d0e76e0081914bb911b
BaselTMA_SP41_15.475kx12.665ky_10000x8500_5_20170905_125_58_X15Y1_60_mask.tiff,b9fce9d10aa1cd61e87f030c3d5d3ee3
BaselTMA_SP41_15.475kx12.665ky_10000x8500_5_20170905_128_177_X16Y5_254_mask.tiff,f2e1902e4b90ab224898a1ce6703368e
BaselTMA_SP41_15.475kx12.665ky_10000x8500_5_20170905_128_204_X16Y4_237_mask.tiff,ea7fb8e6a57e4256addedb707876ee8d
BaselTMA_SP41_15.475kx12.665ky_10000x8500_5_20170905_128_204_X16Y4_238_mask.tiff,f570d7b5e889bdc47dfc3a80dd2421fb
BaselTMA_SP41_15.475kx12.665ky_10000x8500_5_20170905_90_88_X11Y5_242_mask.tiff,4a3a8a88ca959e470909a9c32f45e92a
BaselTMA_SP41_15.475kx12.665ky_10000x8500_5_20170905_92_239_X11Y3_165_mask.tiff,e873b0f7dbfa90c0049468661905204e
BaselTMA_SP41_15.475kx12.665ky_10000x8500_5_20170905_93_141_X11Y2_89_mask.tiff,aa98bea979fcea685017d01169e063d2
BaselTMA_SP41_15.475kx12.665ky_10000x8500_5_20170905_94_72_X11Y1_6_mask.tiff,c54dced6b14ec4114ee405fbe59d1347
BaselTMA_SP41_15.475kx12.665ky_10000x8500_5_20170905_98_20_X12Y5_246_mask.tiff,cc152acb04b130bbdc7a97893c83239d
BaselTMA_SP41_15.475kx12.665ky_10000x8500_5_20170905_99_159_X12Y4_211_mask.tiff,172d680b3ea547b17e720c4becf39bd1
BaselTMA_SP41_15.475kx17.66ky_8000x5000_11_20170905_103_267_X13Y8_155_mask.tiff,c665f8479d13a463a67a7d82677dc4e8
BaselTMA_SP41_15.475kx17.66ky_8000x5000_11_20170905_104_11_X13Y7_91_mask.tiff,fec41f02947b9f89c40c66142cbde612
BaselTMA_SP41_15.475kx17.66ky_8000x5000_11_20170905_105_247_X13Y6_20_mask.tiff,b4aedc5f7fff35e0284ec45428da8c4b
BaselTMA_SP41_15.475kx17.66ky_8000x5000_11_20170905_111_48_X14Y8_167_mask.tiff,82caf70132b2b032f1ab784d19bb6653
BaselTMA_SP41_15.475kx17.66ky_8000x5000_11_20170905_112_126_X14Y7_106_mask.tiff,2d13d6dabc961b83505fb4b8290a472b
BaselTMA_SP41_15.475kx17.66ky_8000x5000_11_20170905_113_33_X14Y6_34_mask.tiff,b6c4b149c56b515339853721d1c5ac86
BaselTMA_SP41_15.475kx17.66ky_8000x5000_11_20170905_119_191_X15Y7_118_mask.tiff,80c3008bb67b24ca0c892e16e1d17a10
BaselTMA_SP41_15.475kx17.66ky_8000x5000_11_20170905_120_214_X15Y6_48_mask.tiff,58ae379e9802c29273ef4bebd0946987
BaselTMA_SP41_15.475kx17.66ky_8000x5000_11_20170905_126_40_X16Y7_130_mask.tiff,1ac66e286325434c66a4f7d86cc1ccb0
BaselTMA_SP41_15.475kx17.66ky_8000x5000_11_20170905_127_237_X16Y6_62_mask.tiff,ae62a73a55911767bebe59b2632cbe37
BaselTMA_SP41_15.475kx17.66ky_8000x5000_11_20170905_95_255_X12Y8_142_mask.tiff,ab63881c58012a5ae0962b44f73cae4f
BaselTMA_SP41_15.475kx17.66ky_8000x5000_11_20170905_96_92_X12Y7_76_mask.tiff,df5f93a14fcf9e81a6d4aac63a30c52a
BaselTMA_SP41_15.475kx17.66ky_8000x5000_11_20170905_97_277_X12Y6_8_mask.tiff,13bf30c2c50647d9f01e8a2d4279f69a
BaselTMA_SP41_23.475kx17.66ky_10000x5000_12_20170905_47_53_X6Y8_169_mask.tiff,855aaafec805ec67798fc729b524a3c8
BaselTMA_SP41_23.475kx17.66ky_10000x5000_12_20170905_48_268_X6Y7_93_mask.tiff,856489c51a9599ab490b8f779471c362
BaselTMA_SP41_23.475kx17.66ky_10000x5000_12_20170905_49_231_X6Y6_10_mask.tiff,d0b88d0a32a18680358cbe3a95aed390
BaselTMA_SP41_23.475kx17.66ky_10000x5000_12_20170905_55_129_X7Y8_179_mask.tiff,ba8d13fecd108ae5290e25d2fce6e753
BaselTMA_SP41_23.475kx17.66ky_10000x5000_12_20170905_56_62_X7Y7_108_mask.tiff,af4d103b0ce374e3d5bfcf480d24f7e6
BaselTMA_SP41_23.475kx17.66ky_10000x5000_12_20170905_57_37_X7Y6_22_mask.tiff,28ef9ec5ba03a0cb39e14cd4ab81db7f
BaselTMA_SP41_23.475kx17.66ky_10000x5000_12_20170905_63_203_X8Y8_189_mask.tiff,b6b0409ae37bc8920fb25278a8432b51
BaselTMA_SP41_23.475kx17.66ky_10000x5000_12_20170905_64_219_X8Y7_120_mask.tiff,af0c03fdf48243cf576a81bbcdfbc270
BaselTMA_SP41_23.475kx17.66ky_10000x5000_12_20170905_65_57_X8Y6_36_mask.tiff,284b59b5f2ea62facc2e6aa64ea2ead3
BaselTMA_SP41_23.475kx17.66ky_10000x5000_12_20170905_71_276_X9Y8_197_mask.tiff,c691a4607cccaa029210542b5be88e99
BaselTMA_SP41_23.475kx17.66ky_10000x5000_12_20170905_72_256_X9Y7_132_mask.tiff,0dc3262271c077163146268a2815530c
BaselTMA_SP41_23.475kx17.66ky_10000x5000_12_20170905_73_227_X9Y6_50_mask.tiff,cf55186120c7d1de673766e09ffa4b80
BaselTMA_SP41_23.475kx17.66ky_10000x5000_12_20170905_79_101_X10Y8_205_mask.tiff,532a995941b9d6a760c13ded951772f2
BaselTMA_SP41_23.475kx17.66ky_10000x5000_12_20170905_80_55_X10Y7_144_mask.tiff,97df2a82de4569ac395d27ffaedf99b6
BaselTMA_SP41_23.475kx17.66ky_10000x5000_12_20170905_81_234_X10Y6_64_mask.tiff,86fac908d2b316d1353704529c33b7ea
BaselTMA_SP41_23.475kx17.66ky_10000x5000_12_20170905_87_41_X11Y8_213_mask.tiff,739c31135cead1204575bec8171e0f0b
BaselTMA_SP41_23.475kx17.66ky_10000x5000_12_20170905_88_60_X11Y7_157_mask.tiff,1da915bc81961590d13866217f302194
BaselTMA_SP41_23.475kx17.66ky_10000x5000_12_20170905_89_254_X11Y6_78_mask.tiff,c8931483e96d0d49f88850b206d0c042
BaselTMA_SP41_25.475kx12.665ky_8000x8500_3_20170905_58_153_X7Y5_209_mask.tiff,97f769bd65bc6ef74e90a49b22c732a4
BaselTMA_SP41_25.475kx12.665ky_8000x8500_3_20170905_59_104_X7Y4_163_mask.tiff,631997dfd229011a0801e7974b9adf7e
BaselTMA_SP41_25.475kx12.665ky_8000x8500_3_20170905_60_228_X7Y3_114_mask.tiff,52474811ed8da5261b724af04bcec719
BaselTMA_SP41_25.475kx12.665ky_8000x8500_3_20170905_61_284_X7Y2_72_mask.tiff,ebf9edc2a460b6f48207712cd33fa5db
BaselTMA_SP41_25.475kx12.665ky_8000x8500_3_20170905_62_238_X7Y1_4_mask.tiff,8875d94491528e185e51dff6f422dcc3
BaselTMA_SP41_25.475kx12.665ky_8000x8500_3_20170905_66_135_X8Y5_217_mask.tiff,54ea8ce3e8b93e5421883d42f7198d3d
BaselTMA_SP41_25.475kx12.665ky_8000x8500_3_20170905_74_280_X9Y5_223_mask.tiff,c50fb2820fe3904ee440fbf0d94d461f
BaselTMA_SP41_25.475kx12.665ky_8000x8500_3_20170905_75_218_X9Y4_185_mask.tiff,bf084aa388f9416fb13b228a05e6d214
BaselTMA_SP41_25.475kx12.665ky_8000x8500_3_20170905_77_52_X9Y3_126_mask.tiff,503abaab2a22a014fa6ac156cf3b0caf
BaselTMA_SP41_25.475kx12.665ky_8000x8500_3_20170905_78_68_X9Y1_30_mask.tiff,b757e9b82f6718848899708536ac3fbf
BaselTMA_SP41_25.475kx12.665ky_8000x8500_3_20170905_82_220_X10Y5_229_mask.tiff,6edc71df6a438803b4cf8f7384877c2c
BaselTMA_SP41_25.475kx12.665ky_8000x8500_3_20170905_90_88_X11Y5_235_mask.tiff,160bc0c5412f69f45da8498ae02cd491
BaselTMA_SP41_25.475kx12.665ky_8000x8500_3_20170905_91_159_X11Y4_201_mask.tiff,c1a5b14cc5e418a33f58d46a10e4db4b
BaselTMA_SP41_25.475kx12.665ky_8000x8500_3_20170905_92_239_X11Y3_151_mask.tiff,42c8217b765429210a97fb8400f3173f
BaselTMA_SP41_33.475kx12.66ky_8500x8500_2_20170905_24_61_X3Y4_207_mask.tiff,676f92b3ef7215edd6936de6600a1e47
BaselTMA_SP41_33.475kx12.66ky_8500x8500_2_20170905_25_45_X3Y3_161_mask.tiff,ca177af82d930a1e3c5f8595d4b5bab8
BaselTMA_SP41_33.475kx12.66ky_8500x8500_2_20170905_27_257_X3Y1_28_mask.tiff,a1161cd5a773f03a1a468193f8fcf68a
BaselTMA_SP41_33.475kx12.66ky_8500x8500_2_20170905_42_186_X5Y4_221_mask.tiff,0836662bca9a99948dfa6841cee2ee8b
BaselTMA_SP41_33.475kx12.66ky_8500x8500_2_20170905_43_69_X5Y3_183_mask.tiff,2195ca39ac1bc657d5437bab02fb6356
BaselTMA_SP41_33.475kx12.66ky_8500x8500_2_20170905_44_24_X5Y2_124_mask.tiff,442fcfccdf5ec6e9d7bd71fbefe7e877
BaselTMA_SP41_33.475kx12.66ky_8500x8500_2_20170905_45_7_X5Y1_56_mask.tiff,e4c2f82113351deb174ead8a4e9db73a
BaselTMA_SP41_33.475kx12.66ky_8500x8500_2_20170905_6_263_X1Y4_191_mask.tiff,780c3d100b331082e8f5741e00c8beda
BaselTMA_SP41_33.475kx12.66ky_8500x8500_2_20170905_75_218_X9Y4_240_mask.tiff,7591a22178e9ee082e6c97d917ae4180
BaselTMA_SP41_33.475kx12.66ky_8500x8500_2_20170905_8_206_X1Y2_70_mask.tiff,357ccce9df0539931e692a9830bfe50e
BaselTMA_SP41_33.475kx17.665ky_8500x5000_13_20170905_11_2_X2Y8_159_mask.tiff,e9c0a125b81db60935d5403c1ecc253e
BaselTMA_SP41_33.475kx17.665ky_8500x5000_13_20170905_12_44_X2Y7_95_mask.tiff,ca60186917244d5ea8b0e12ff7b3de3f
BaselTMA_SP41_33.475kx17.665ky_8500x5000_13_20170905_13_283_X2Y6_24_mask.tiff,0417ca594dc14f64bf9bb923a1dbda87
BaselTMA_SP41_33.475kx17.665ky_8500x5000_13_20170905_20_134_X3Y8_171_mask.tiff,9325ac258dfc290807ca3a87ed7d4c31
BaselTMA_SP41_33.475kx17.665ky_8500x5000_13_20170905_21_224_X3Y7_110_mask.tiff,d76a582ba70b50d57902fe7c4f350d1c
BaselTMA_SP41_33.475kx17.665ky_8500x5000_13_20170905_22_133_X3Y6_38_mask.tiff,053e546945bef1a27cbf61bfc68a9a40
BaselTMA_SP41_33.475kx17.665ky_8500x5000_13_20170905_2_14_X1Y8_146_mask.tiff,6b39c866e2c3500cbedaa8897cc16edc
BaselTMA_SP41_33.475kx17.665ky_8500x5000_13_20170905_30_38_X4Y7_122_mask.tiff,1d6eb8cd1bd8b1f8b77a93af499b0f4b
BaselTMA_SP41_33.475kx17.665ky_8500x5000_13_20170905_31_211_X4Y6_52_mask.tiff,fcf7f663a08b32ed7eef603cbe4ecb35
BaselTMA_SP41_33.475kx17.665ky_8500x5000_13_20170905_38_112_X5Y8_181_mask.tiff,2c5b2f5b11dba574004a5e20e7c84f6a
BaselTMA_SP41_33.475kx17.665ky_8500x5000_13_20170905_39_196_X5Y7_134_mask.tiff,7aed6590e84a46456ff6b8c000f4d58f
BaselTMA_SP41_33.475kx17.665ky_8500x5000_13_20170905_3_39_X1Y7_81_mask.tiff,aaa442a00fda5445632818bc64fefbed
BaselTMA_SP41_33.475kx17.665ky_8500x5000_13_20170905_40_165_X5Y6_66_mask.tiff,d8a07b97e72855f1fca9511541d10cd4
BaselTMA_SP41_33.475kx17.665ky_8500x5000_13_20170905_4_216_X1Y6_12_mask.tiff,148c6d8c6d2bb235440f10e919962f13
BaselTMA_SP41_331.8kx19.665ky_10000x2000_15_20170905_10_106_X2Y9_40_mask.tiff,3de3b310f362bd0daf1c81ea740e2aae
BaselTMA_SP41_331.8kx19.665ky_10000x2000_15_20170905_19_249_X3Y9_54_mask.tiff,9793b6074b542cb9bad2f0c78f26cafd
BaselTMA_SP41_331.8kx19.665ky_10000x2000_15_20170905_1_212_X1Y9_26_mask.tiff,bf76340a755dbbd376bcbe169aa1c9b7
BaselTMA_SP41_331.8kx19.665ky_10000x2000_15_20170905_28_63_X4Y9_68_mask.tiff,83cd54b2ed07c7c86152d217414d05bb
BaselTMA_SP41_331.8kx19.665ky_10000x2000_15_20170905_37_8_X5Y9_83_mask.tiff,dd7dbd25f06f440a5399d571feaa11ad
BaselTMA_SP41_331.8kx19.665ky_10000x2000_15_20170905_46_9_X6Y9_97_mask.tiff,b9a88e018de10b23829452e87269c999
BaselTMA_SP42_19.78kx19.035ky_6500x7000_13_20170915_103_179_X13Y8_114_mask.tiff,b4b6b9e0c65c79bf96e0a4bdea26eacb
BaselTMA_SP42_19.78kx19.035ky_6500x7000_13_20170915_104_178_X13Y7_89_mask.tiff,f90393f9d496475c1f7c33e61e4c27e1
BaselTMA_SP42_19.78kx19.035ky_6500x7000_13_20170915_105_76_X13Y6_44_mask.tiff,959028bf9e51c2c68f87f6781ddc5f74
BaselTMA_SP42_19.78kx19.035ky_6500x7000_13_20170915_106_160_X13Y5_21_mask.tiff,cadf4d5509b69c96cc9773682743f4c5
BaselTMA_SP42_19.78kx19.035ky_6500x7000_13_20170915_111_167_X14Y8_211_mask.tiff,41ee3fba98565fd27e56e2ef39ce2b08
BaselTMA_SP42_19.78kx19.035ky_6500x7000_13_20170915_112_151_X14Y7_187_mask.tiff,89d656ac4d1d3563f49d5b1d8a9c1fa2
BaselTMA_SP42_19.78kx19.035ky_6500x7000_13_20170915_113_279_X14Y6_163_mask.tiff,73c52b90ad3be203a18ee5b006af93fe
BaselTMA_SP42_19.78kx19.035ky_6500x7000_13_20170915_114_264_X14Y5_138_mask.tiff,8a7b9cf11fb55c05b299d7fd70a045f2
BaselTMA_SP42_19.78kx19.035ky_6500x7000_13_20170915_119_208_X15Y7_284_mask.tiff,cc9c941114f028038d914e37376f9afd
BaselTMA_SP42_19.78kx19.035ky_6500x7000_13_20170915_120_152_X15Y6_260_mask.tiff,33a8ed812dab31298008b95ab423eccd
BaselTMA_SP42_19.78kx19.035ky_6500x7000_13_20170915_121_175_X15Y5_235_mask.tiff,60938c8d5caa4b6dcf43d2d86446d00f
BaselTMA_SP42_19.78kx19.035ky_6500x7000_13_20170915_121_175_X15Y5_236_mask.tiff,159fd7b0e7776835035d7d3f03e02c49
BaselTMA_SP42_19.78kx19.035ky_6500x7000_13_20170915_126_162_X16Y7_331_mask.tiff,dcf64df56207cbd00f7182c38ab2303f
BaselTMA_SP42_19.78kx19.035ky_6500x7000_13_20170915_127_146_X16Y6_308_mask.tiff,de0b2b123958385840aa012560515c2f
BaselTMA_SP42_19.8kx12.535ky_7000x6500_7_20170915_107_64_X13Y4_77_mask.tiff,3571821ea9217d954d1253fdd0e9ac14
BaselTMA_SP42_19.8kx12.535ky_7000x6500_7_20170915_108_161_X13Y3_56_mask.tiff,5575adc39c44c9f423acc2724013b11e
BaselTMA_SP42_19.8kx12.535ky_7000x6500_7_20170915_109_253_X13Y2_33_mask.tiff,263fc25f0a88a2a7e1608382d3851fac
BaselTMA_SP42_19.8kx12.535ky_7000x6500_7_20170915_123_74_X15Y3_223_mask.tiff,0500218caae1734ebcd681314468eda1
BaselTMA_SP42_19.8kx12.535ky_7000x6500_7_20170915_124_251_X15Y2_199_mask.tiff,e8be3396b875e68ac377d71827061c11
BaselTMA_SP42_19.8kx12.535ky_7000x6500_7_20170915_129_35_X16Y4_319_mask.tiff,60c44cdc79644afc5fc911c4b1462ac8
BaselTMA_SP42_20.8kx6.8ky_6500x1500_15_20170915_125_156_X15Y1_175_mask.tiff,62978bfdd23ce5af41f3714014167dca
BaselTMA_SP42_25.78kx19.535ky_7000x7000_12_20170915_71_164_X9Y8_86_mask.tiff,e0c4b698c6930bc36c01eeff94b587c1
BaselTMA_SP42_25.78kx19.535ky_7000x7000_12_20170915_72_223_X9Y7_65_mask.tiff,dbb05faf728615d260d9fe4715642685
BaselTMA_SP42_25.78kx19.535ky_7000x7000_12_20170915_73_174_X9Y6_41_mask.tiff,ddd60f42b2429d6cf52eb9950959a465
BaselTMA_SP42_25.78kx19.535ky_7000x7000_12_20170915_74_190_X9Y5_18_mask.tiff,9e86c4d2080c63233026bf3da1795cd2
BaselTMA_SP42_25.78kx19.535ky_7000x7000_12_20170915_79_262_X10Y8_184_mask.tiff,64c68a3b43ed7d25a8a1d7389d548060
BaselTMA_SP42_25.78kx19.535ky_7000x7000_12_20170915_80_46_X10Y7_160_mask.tiff,51b7d5fe09dee9673cfccee741c1fb1b
BaselTMA_SP42_25.78kx19.535ky_7000x7000_12_20170915_81_109_X10Y6_135_mask.tiff,a970bfed61cca15bcc8a85884221e2dd
BaselTMA_SP42_25.78kx19.535ky_7000x7000_12_20170915_82_188_X10Y5_110_mask.tiff,f06e97579b536b4263bded9b0e589a32
BaselTMA_SP42_25.78kx19.535ky_7000x7000_12_20170915_87_121_X11Y8_281_mask.tiff,024707a469457333e98791cfb9e5b776
BaselTMA_SP42_25.78kx19.535ky_7000x7000_12_20170915_88_236_X11Y7_257_mask.tiff,64826a1d532dc10f526ee740dc15f570
BaselTMA_SP42_25.78kx19.535ky_7000x7000_12_20170915_89_261_X11Y6_232_mask.tiff,b39d8637fba61cbe84c4a21a31bd35d6
BaselTMA_SP42_25.78kx19.535ky_7000x7000_12_20170915_90_98_X11Y5_208_mask.tiff,0a76ca4039ce1b8edd303df12b46136a
BaselTMA_SP42_25.78kx19.535ky_7000x7000_12_20170915_95_12_X12Y8_358_mask.tiff,f956609cbdd952da191fb1d39e1485d4
BaselTMA_SP42_25.78kx19.535ky_7000x7000_12_20170915_96_73_X12Y7_346_mask.tiff,6a6259fa4a0ade93af6e9122127dca69
BaselTMA_SP42_25.78kx19.535ky_7000x7000_12_20170915_97_158_X12Y6_328_mask.tiff,e0b14e09765a22fa1326c3deef08ccef
BaselTMA_SP42_25.78kx19.535ky_7000x7000_12_20170915_98_54_X12Y5_305_mask.tiff,2a0806d4d37ce74b4e6ef332b1f5281d
BaselTMA_SP42_26.8kx12.885ky_7000x7000_6_20170915_76_96_X9Y3_53_mask.tiff,33d1e0d7e159891156a41d0f7e231039
BaselTMA_SP42_26.8kx12.885ky_7000x7000_6_20170915_77_240_X9Y2_30_mask.tiff,36fd08da06a40c4494c72f7bf5230cc2
BaselTMA_SP42_26.8kx12.885ky_7000x7000_6_20170915_78_105_X9Y1_9_mask.tiff,f571694f56c6ce379bf2cbd9fbd0d43f
BaselTMA_SP42_26.8kx12.885ky_7000x7000_6_20170915_78_136_X9Y4_74_mask.tiff,9ecc52f2f2131ec21dad651193249a03
BaselTMA_SP42_26.8kx12.885ky_7000x7000_6_20170915_91_81_X11Y4_269_mask.tiff,534a6c1bc0610c4f3956ebc64a5f51ac
BaselTMA_SP42_26.8kx12.885ky_7000x7000_6_20170915_92_91_X11Y3_245_mask.tiff,a0bf76505516bf1d9539b90efa310a6e
BaselTMA_SP42_26.8kx12.885ky_7000x7000_6_20170915_93_28_X11Y2_220_mask.tiff,37147d95457f0b2f2d4450607c5b46cf
BaselTMA_SP42_26.8kx12.885ky_7000x7000_6_20170915_94_6_X11Y1_196_mask.tiff,882d34f8d2fc8771944b3a85ae89da33
BaselTMA_SP42_32.435kx20.41ky_7000x7000_11_20170915_38_13_X5Y8_83_mask.tiff,559d71f093f0b7628cc759972a2b075c
BaselTMA_SP42_32.435kx20.41ky_7000x7000_11_20170915_39_99_X5Y7_62_mask.tiff,840e19051a2b9dbbceb46777cb81e961
BaselTMA_SP42_32.435kx20.41ky_7000x7000_11_20170915_40_148_X5Y6_38_mask.tiff,0aec67e4eff2ee9923d29d1422464e3f
BaselTMA_SP42_32.435kx20.41ky_7000x7000_11_20170915_41_189_X5Y5_15_mask.tiff,4059b354fb86220e5a432b41abf0b5c9
BaselTMA_SP42_32.435kx20.41ky_7000x7000_11_20170915_47_184_X6Y8_181_mask.tiff,cbf7a1771b350d1c974dfe6e0c9a5eb4
BaselTMA_SP42_32.435kx20.41ky_7000x7000_11_20170915_48_273_X6Y7_157_mask.tiff,42091f238fba5861845b94cafb48cd26
BaselTMA_SP42_32.435kx20.41ky_7000x7000_11_20170915_49_27_X6Y6_132_mask.tiff,c66fcd34d2fe7bd3ebb06a0a1cc5e6ce
BaselTMA_SP42_32.435kx20.41ky_7000x7000_11_20170915_50_181_X6Y5_107_mask.tiff,2d3f5e2bb7648c6aca45548ec56e2007
BaselTMA_SP42_32.435kx20.41ky_7000x7000_11_20170915_55_198_X7Y8_278_mask.tiff,1c18bfa1babd4d0d3bfe5ae65fafdcfb
BaselTMA_SP42_32.435kx20.41ky_7000x7000_11_20170915_56_285_X7Y7_254_mask.tiff,146fb0fe47f5f6b3ad822ca28a55d12f
BaselTMA_SP42_32.435kx20.41ky_7000x7000_11_20170915_57_232_X7Y6_229_mask.tiff,2bea27a0c1c361a1df5862778b59ee3b
BaselTMA_SP42_32.435kx20.41ky_7000x7000_11_20170915_58_185_X7Y5_205_mask.tiff,9b0b3c209681ffc7f8a15295b6f65b93
BaselTMA_SP42_32.435kx20.41ky_7000x7000_11_20170915_63_71_X8Y8_355_mask.tiff,8ed9b95ecb88ab2bf00dddc71f739650
BaselTMA_SP42_32.435kx20.41ky_7000x7000_11_20170915_64_5_X8Y7_343_mask.tiff,0d8b01165c64d8f06dd430e652df0fd6
BaselTMA_SP42_32.435kx20.41ky_7000x7000_11_20170915_65_123_X8Y6_325_mask.tiff,a61a34b8bca8c4519887db8b45ecb065
BaselTMA_SP42_32.435kx20.41ky_7000x7000_11_20170915_66_192_X8Y5_302_mask.tiff,2fb9c75d968ed2fd1751c234ed4329da
BaselTMA_SP42_32.8kx13.885ky_7000x8000_5_20170915_42_275_X5Y4_71_mask.tiff,552584c75e866832d1af6f13bf393fda
BaselTMA_SP42_32.8kx13.885ky_7000x8000_5_20170915_43_70_X5Y3_50_mask.tiff,3776a100d9e399bf4cc821322bb0ef9e
BaselTMA_SP42_32.8kx13.885ky_7000x8000_5_20170915_44_120_X5Y2_27_mask.tiff,8bf1b56c306ae34627b9070e6dfc785d
BaselTMA_SP42_32.8kx13.885ky_7000x8000_5_20170915_45_36_X5Y1_6_mask.tiff,7cbea319f2e6ebf1c65a56f2884a6b7e
BaselTMA_SP42_32.8kx13.885ky_7000x8000_5_20170915_59_154_X7Y4_242_mask.tiff,8a43be083f553c5317ef10c90e4d6fb8
BaselTMA_SP42_32.8kx13.885ky_7000x8000_5_20170915_61_29_X7Y2_217_mask.tiff,abf98a24bff85679e0fde88abca947d6
BaselTMA_SP42_32.8kx13.885ky_7000x8000_5_20170915_62_84_X7Y1_193_mask.tiff,7010f0fa10b59e031c460c0a2201d928
BaselTMA_SP42_39.025kx22410ky_7000x8500_8_20170915_10_82_X2Y9_226_mask.tiff,a872144aee0be672cc5d1da0f6df2ea8
BaselTMA_SP42_39.025kx22410ky_7000x8500_8_20170915_11_127_X2Y8_202_mask.tiff,8be1ac25225b5a4ac6d4b98cfe1bd696
BaselTMA_SP42_39.025kx22410ky_7000x8500_8_20170915_12_171_X2Y7_178_mask.tiff,91ed8324b43f338ed94e66bbe6f3a56b
BaselTMA_SP42_39.025kx22410ky_7000x8500_8_20170915_13_56_X2Y6_154_mask.tiff,ef81a3aef1d0accd53a8b39d47afe1f8
BaselTMA_SP42_39.025kx22410ky_7000x8500_8_20170915_14_113_X2Y5_129_mask.tiff,f3ef12c6e6d533e219726aa6dd62492d
BaselTMA_SP42_39.025kx22410ky_7000x8500_8_20170915_19_59_X3Y9_340_mask.tiff,de7ef2b1b6440d842a2bed155e7b25c4
BaselTMA_SP42_39.025kx22410ky_7000x8500_8_20170915_1_163_X1Y9_104_mask.tiff,306580cc80e5ccbd59cb9fb178efa042
BaselTMA_SP42_39.025kx22410ky_7000x8500_8_20170915_20_169_X3Y8_322_mask.tiff,68fde9069a667a77866586bc5fcb9497
BaselTMA_SP42_39.025kx22410ky_7000x8500_8_20170915_21_176_X3Y7_299_mask.tiff,9a0015a2078da1606412644f0c86c31d
BaselTMA_SP42_39.025kx22410ky_7000x8500_8_20170915_22_183_X3Y6_275_mask.tiff,7abb5de9f77ffae464b770d1dbbcafa7
BaselTMA_SP42_39.025kx22410ky_7000x8500_8_20170915_23_138_X3Y5_251_mask.tiff,83517bfe34581a6f00facfc9c0237627
BaselTMA_SP42_39.025kx22410ky_7000x8500_8_20170915_28_155_X4Y9_370_mask.tiff,c2135fe551026ce41b79f35b280d189a
BaselTMA_SP42_39.025kx22410ky_7000x8500_8_20170915_2_182_X1Y8_80_mask.tiff,eda01d7e14deda9642ff3d061019ddd2
BaselTMA_SP42_39.025kx22410ky_7000x8500_8_20170915_30_258_X4Y7_364_mask.tiff,be0caa43bc2b30955b4f11ee1edcab7e
BaselTMA_SP42_39.025kx22410ky_7000x8500_8_20170915_31_89_X4Y6_361_mask.tiff,2e14c292834c85b4ef2b80a8eac19c78
BaselTMA_SP42_39.025kx22410ky_7000x8500_8_20170915_32_210_X4Y5_352_mask.tiff,438c6f7a837e1fb13d11750b7d3436b9
BaselTMA_SP42_39.025kx22410ky_7000x8500_8_20170915_3_229_X1Y7_59_mask.tiff,6442135ce25f64aff15e177da82d84c4
BaselTMA_SP42_39.025kx22410ky_7000x8500_8_20170915_4_130_X1Y6_35_mask.tiff,f363d264bdf29cf2f3f11c80638aefe3
BaselTMA_SP42_39.025kx22410ky_7000x8500_8_20170915_5_10_X1Y5_12_mask.tiff,3ce7a7c0b8294897f808a1f755e4b30d
BaselTMA_SP42_39.8kx13.885ky_7000x7000_2_20170915_24_16_X3Y4_239_mask.tiff,4408cb7beddedf38503b756087b2ec94
BaselTMA_SP42_39.8kx13.885ky_7000x7000_2_20170915_25_80_X3Y3_214_mask.tiff,a05e07386832369a4670d805e2164ed6
BaselTMA_SP42_39.8kx13.885ky_7000x7000_2_20170915_26_25_X3Y2_190_mask.tiff,8b5606e8e6beae7f0ebe044a6808f1f6
BaselTMA_SP42_39.8kx13.885ky_7000x7000_2_20170915_27_215_X3Y1_166_mask.tiff,d2b59f6af7379a9b3efc105b376e6915
BaselTMA_SP42_39.8kx13.885ky_7000x7000_2_20170915_6_145_X1Y4_68_mask.tiff,6aa802c99c640ba02f228b28ba9fa460
BaselTMA_SP42_39.8kx13.885ky_7000x7000_2_20170915_7_217_X1Y3_47_mask.tiff,01285d383457e7dac4aa1e49c3c63838
BaselTMA_SP42_39.8kx13.885ky_7000x7000_2_20170915_8_51_X1Y2_24_mask.tiff,dc5384a818cc97a49096eda2fff76c49
BaselTMA_SP43_10.3kx13.7ky_6500x8000_6_20170928_13_132_X13Y1_12_mask.tiff,d82954107fdd8204a50a063da524742a
BaselTMA_SP43_10.3kx13.7ky_6500x8000_6_20170928_13_144_X15Y1_195_mask.tiff,57998bd577eda0bab6f7eb766770699a
BaselTMA_SP43_10.3kx13.7ky_6500x8000_6_20170928_27_95_X13Y2_27_mask.tiff,6d6904a8829f1e1bccb51b145054f7fc
BaselTMA_SP43_10.3kx13.7ky_6500x8000_6_20170928_29_19_X15Y2_216_mask.tiff,6adee5520862b35ba058ea52da311f2f
BaselTMA_SP43_10.3kx13.7ky_6500x8000_6_20170928_43_243_X13Y3_42_mask.tiff,7f8e5479f989c5747a13760475edd166
BaselTMA_SP43_10.3kx13.7ky_6500x8000_6_20170928_45_4_X15Y3_238_mask.tiff,437e0ad946ae4e8d2d3b858e372ae2ed
BaselTMA_SP43_10.3kx13.7ky_6500x8000_6_20170928_59_131_X13Y4_60_mask.tiff,95605ad445ed93605e536a263474e20a
BaselTMA_SP43_10.3kx13.7ky_6500x8000_6_20170928_61_87_X15Y4_259_mask.tiff,c9ca269e8ec63f68c2d83ca28a281dc5
BaselTMA_SP43_10.3kx13.7ky_6500x8000_6_20170928_62_47_X16Y4_361_mask.tiff,9077681a1a53100d79138d4f2b83f16c
BaselTMA_SP43_10.3kx13.7ky_6500x8000_6_20170928_75_118_X13Y5_81_mask.tiff,1b2f715456f5de5fa6a2108f34b6a61d
BaselTMA_SP43_10.3kx13.7ky_6500x8000_6_20170928_76_201_X14Y5_174_mask.tiff,16da12adf52d3a0d30a2c6c6d8685f4d
BaselTMA_SP43_10.3kx13.7ky_6500x8000_6_20170928_77_93_X15Y5_280_mask.tiff,ea5166d259105a42c20f8c719a77856f
BaselTMA_SP43_10.3kx13.7ky_6500x8000_6_20170928_78_26_X16Y5_379_mask.tiff,084b78b6ad3d6ee96a2a56fd8420ca92
BaselTMA_SP43_15.9kx19.3ky_10000x5500_10_20170928_101_213_X7Y7_66_mask.tiff,545f3745c6131bddd08bbd039d7deb8c
BaselTMA_SP43_15.9kx19.3ky_10000x5500_10_20170928_102_281_X8Y7_126_mask.tiff,b6d53d0548c465e7aed77ea3d4aab984
BaselTMA_SP43_15.9kx19.3ky_10000x5500_10_20170928_103_193_X9Y7_180_mask.tiff,30b5d4be52f5682ba5f4fb4952889e33
BaselTMA_SP43_15.9kx19.3ky_10000x5500_10_20170928_104_140_X10Y7_244_mask.tiff,8a1072f37b1e40d0e0ddeead214803a7
BaselTMA_SP43_15.9kx19.3ky_10000x5500_10_20170928_105_194_X11Y7_307_mask.tiff,785c6ca8d35e995a922eb0dc75224bda
BaselTMA_SP43_15.9kx19.3ky_10000x5500_10_20170928_106_94_X12Y7_367_mask.tiff,3be7627306048a49f2c6f26f23f30c8f
BaselTMA_SP43_15.9kx19.3ky_10000x5500_10_20170928_117_266_X7Y8_87_mask.tiff,43349d3fa1a272fa512f8519e3a16272
BaselTMA_SP43_15.9kx19.3ky_10000x5500_10_20170928_118_248_X8Y8_144_mask.tiff,43dd1d8c548ab8895d2c9404d4772613
BaselTMA_SP43_15.9kx19.3ky_10000x5500_10_20170928_119_119_X9Y8_201_mask.tiff,499dc4657909fdc4f16779521be2d392
BaselTMA_SP43_15.9kx19.3ky_10000x5500_10_20170928_120_124_X10Y8_265_mask.tiff,e0fa7ccff07118eb9bb1144525fa47bc
BaselTMA_SP43_15.9kx19.3ky_10000x5500_10_20170928_121_271_X11Y8_328_mask.tiff,06464273378361b26b5e87a362bdd973
BaselTMA_SP43_15.9kx19.3ky_10000x5500_10_20170928_122_122_X12Y8_385_mask.tiff,66d52f57637aed5df8c98c8404fa1178
BaselTMA_SP43_15.9kx19.3ky_10000x5500_10_20170928_85_90_X7Y6_48_mask.tiff,2406d67418645dabad704d3e29b83178
BaselTMA_SP43_15.9kx19.3ky_10000x5500_10_20170928_86_111_X8Y6_105_mask.tiff,94b500f3cd4b3a3e62c0fa9716e79de4
BaselTMA_SP43_15.9kx19.3ky_10000x5500_10_20170928_87_200_X9Y6_162_mask.tiff,aab8d9bb3415b0b2062567d6b73cfde5
BaselTMA_SP43_15.9kx19.3ky_10000x5500_10_20170928_88_149_X10Y6_222_mask.tiff,45c22ac887271ceefc935e2b56c055b9
BaselTMA_SP43_15.9kx19.3ky_10000x5500_10_20170928_88_149_X10Y6_223_mask.tiff,68ba6d0b9ae04636e6f168410640f184
BaselTMA_SP43_15.9kx19.3ky_10000x5500_10_20170928_89_195_X11Y6_286_mask.tiff,417d1ec50631d090d9608ac588298fca
BaselTMA_SP43_15.9kx19.3ky_10000x5500_10_20170928_90_22_X12Y6_349_mask.tiff,196690528510c748146e89af2c50051b
BaselTMA_SP43_16.3kx14.5ky_7000x8000_5_20170928_23_172_X9Y2_24_mask.tiff,79efe976c3d4fb4fff8e6e67fde1a25a
BaselTMA_SP43_16.3kx14.5ky_7000x8000_5_20170928_25_235_X11Y2_213_mask.tiff,e4736a31491e06f6e557ebf88fa8e865
BaselTMA_SP43_16.3kx14.5ky_7000x8000_5_20170928_39_137_X10Y3_135_mask.tiff,5f7a2136d9d05fdbe1e20ab93614697b
BaselTMA_SP43_16.3kx14.5ky_7000x8000_5_20170928_41_272_X11Y3_235_mask.tiff,235ce34208ade2accf94954ac4460be5
BaselTMA_SP43_16.3kx14.5ky_7000x8000_5_20170928_55_260_X10Y4_153_mask.tiff,baed1763b3683f3c8b15ee21c8972dec
BaselTMA_SP43_16.3kx14.5ky_7000x8000_5_20170928_57_17_X11Y4_256_mask.tiff,5d70563d10a07ad720aeb2c250fecc46
BaselTMA_SP43_16.3kx14.5ky_7000x8000_5_20170928_71_202_X9Y5_78_mask.tiff,0dfec3da6d1df607a0c3021a057a98e3
BaselTMA_SP43_16.3kx14.5ky_7000x8000_5_20170928_72_168_X10Y5_171_mask.tiff,4fe44e778d7de7e19a9dee4a14521f3e
BaselTMA_SP43_16.3kx14.5ky_7000x8000_5_20170928_73_230_X11Y5_277_mask.tiff,db9865044297273cde7b7d11620a1e1e
BaselTMA_SP43_16.3kx14.5ky_7000x8000_5_20170928_74_34_X12Y5_376_mask.tiff,43d2b7691ad3517b6674b237352279c4
BaselTMA_SP43_16.3kx14.5ky_7000x8000_5_20170928_7_85_X9Y1_9_mask.tiff,79f326f6fbd15406bccb2f442e83036f
BaselTMA_SP43_16.3kx14.5ky_7000x8000_5_20170928_9_209_X11Y1_192_mask.tiff,8b55fa26ddd251d0c101fb095ee07fa0
BaselTMA_SP43_22.8kx15ky_7000x8000_4_20170928_19_180_X5Y2_21_mask.tiff,1a3fa21c2d99faad33bc6d1b9aee8496
BaselTMA_SP43_22.8kx15ky_7000x8000_4_20170928_21_222_X7Y2_210_mask.tiff,86ca36435ea8f952c2970ff34bd8c825
BaselTMA_SP43_22.8kx15ky_7000x8000_4_20170928_35_150_X5Y3_36_mask.tiff,491b23a7cd78c6125f9e90fa5ce44617
BaselTMA_SP43_22.8kx15ky_7000x8000_4_20170928_37_241_X7Y3_232_mask.tiff,e9d819bd66ecaed2eb2111d0dddbd323
BaselTMA_SP43_22.8kx15ky_7000x8000_4_20170928_3_142_X5Y1_6_mask.tiff,4a19dfa719028d3d031ac6c5e8da8506
BaselTMA_SP43_22.8kx15ky_7000x8000_4_20170928_51_103_X5Y4_54_mask.tiff,d532e10474f7ae72c2be799e63dc8c40
BaselTMA_SP43_22.8kx15ky_7000x8000_4_20170928_53_79_X7Y4_253_mask.tiff,f447ef84c6c77437ede2d45e597272f9
BaselTMA_SP43_22.8kx15ky_7000x8000_4_20170928_5_50_X7Y1_189_mask.tiff,f20227fc86f8c0d87519bda182321c47
BaselTMA_SP43_22.8kx15ky_7000x8000_4_20170928_67_43_X5Y5_75_mask.tiff,29f7ba9a7623a90be4649f4d8793d2ab
BaselTMA_SP43_22.8kx15ky_7000x8000_4_20170928_68_245_X6Y5_168_mask.tiff,4f083916fe30720cfad6c63c8b97abef
BaselTMA_SP43_22.8kx15ky_7000x8000_4_20170928_70_199_X8Y5_373_mask.tiff,5859aae8cc2a0677d22c5cfeccec6be0
BaselTMA_SP43_25.8kx22ky_10500x6500_8_20170928_100_252_X6Y7_382_mask.tiff,54abf25ab2e5dde572166a6ca567130b
BaselTMA_SP43_25.8kx22ky_10500x6500_8_20170928_111_1_X1Y8_45_mask.tiff,1c53e5eca1a9b7c7849ba7c40497788c
BaselTMA_SP43_25.8kx22ky_10500x6500_8_20170928_112_173_X2Y8_123_mask.tiff,20b3928267d0151c41f8898dc9dd78dd
BaselTMA_SP43_25.8kx22ky_10500x6500_8_20170928_113_78_X3Y9_198_mask.tiff,29604be8bfd4eddacc8de93a52bf7950
BaselTMA_SP43_25.8kx22ky_10500x6500_8_20170928_114_115_X4Y8_262_mask.tiff,a232c0672ac993fe448221977088af5a
BaselTMA_SP43_25.8kx22ky_10500x6500_8_20170928_116_270_X6Y8_388_mask.tiff,6a299d61986adb1831b1a1913c051935
BaselTMA_SP43_25.8kx22ky_10500x6500_8_20170928_116_77_X3Y8_177_mask.tiff,4f60ad7cb542b0a1e25dbdc170544d68
BaselTMA_SP43_25.8kx22ky_10500x6500_8_20170928_125_15_X1Y9_63_mask.tiff,94072cfbf27f3ef8a026f6ddf6099d3e
BaselTMA_SP43_25.8kx22ky_10500x6500_8_20170928_126_225_X2Y9_141_mask.tiff,9bf653a2f8c331e6686d1c780bea40f7
BaselTMA_SP43_25.8kx22ky_10500x6500_8_20170928_128_197_X4Y9_283_mask.tiff,cb60285e6f3546a0491f52dab7e02936
BaselTMA_SP43_25.8kx22ky_10500x6500_8_20170928_129_269_X5Y9_346_mask.tiff,7437dcfaf72b402cf80643cc81b6fcac
BaselTMA_SP43_25.8kx22ky_10500x6500_8_20170928_130_226_X6Y9_391_mask.tiff,17696274f80ec03e312d235d78b2de2d
BaselTMA_SP43_25.8kx22ky_10500x6500_8_20170928_79_207_X1Y6_15_mask.tiff,0e533c70a83fcc2ba72021256b2abaf8
BaselTMA_SP43_25.8kx22ky_10500x6500_8_20170928_80_246_X2Y6_84_mask.tiff,978dd7fce89d71ff3f4f391d5e47e053
BaselTMA_SP43_25.8kx22ky_10500x6500_8_20170928_81_205_X3Y6_159_mask.tiff,b7fa70bf73a1ebe7693a7fc73dd61229
BaselTMA_SP43_25.8kx22ky_10500x6500_8_20170928_82_32_X4Y6_219_mask.tiff,35b9beb3285e03bc4365ec3d4cdea045
BaselTMA_SP43_25.8kx22ky_10500x6500_8_20170928_83_242_X5Y6_304_mask.tiff,fb1a3b2faffc2a7e5dd8e106d4c2d4de
BaselTMA_SP43_25.8kx22ky_10500x6500_8_20170928_84_147_X6Y6_364_mask.tiff,e0968cc9314132c6880254ab77bf99f8
BaselTMA_SP43_25.8kx22ky_10500x6500_8_20170928_95_139_X1Y7_30_mask.tiff,7c57150ef576155ca60ca1fadf9d343c
BaselTMA_SP43_25.8kx22ky_10500x6500_8_20170928_96_221_X2Y7_102_mask.tiff,6a0b7449bc6c26d77616d9d58bf1835d
BaselTMA_SP43_25.8kx22ky_10500x6500_8_20170928_98_107_X4Y7_241_mask.tiff,2664c62094111df37388ce459ff6b1f6
BaselTMA_SP43_25.8kx22ky_10500x6500_8_20170928_99_125_X5Y7_325_mask.tiff,c331e48c3ee97ec5c5c5a623d34dbc58
BaselTMA_SP43_29.3kx15.5ky_7000x8000_3_20170928_15_143_X1Y2_18_mask.tiff,099333eb4ace2674ddfefb74861c590f
BaselTMA_SP43_29.3kx15.5ky_7000x8000_3_20170928_17_278_X3Y2_207_mask.tiff,8c0439c6888d80562af792dd6c750beb
BaselTMA_SP43_29.3kx15.5ky_7000x8000_3_20170928_1_244_X3Y1_186_mask.tiff,79c757fce653d1d70c3ba1f9b40411e3
BaselTMA_SP43_29.3kx15.5ky_7000x8000_3_20170928_31_250_X1Y3_33_mask.tiff,d77f64fecb4339e6a64ce7fd8c56f945
BaselTMA_SP43_29.3kx15.5ky_7000x8000_3_20170928_33_170_X3Y3_229_mask.tiff,ada7abd1a645445b5e739ed7e5d9b545
BaselTMA_SP43_29.3kx15.5ky_7000x8000_3_20170928_47_102_X1Y4_51_mask.tiff,d8ada9a771a9864d268df887e9510807
BaselTMA_SP43_29.3kx15.5ky_7000x8000_3_20170928_49_116_X3Y4_250_mask.tiff,ea59ff22f9a6f5325c0e2b05c9dcbc1a
BaselTMA_SP43_29.3kx15.5ky_7000x8000_3_20170928_63_49_X1Y5_72_mask.tiff,56a0622d0baf9e0e8c3bf7e451b5c543
BaselTMA_SP43_29.3kx15.5ky_7000x8000_3_20170928_64_75_X2Y5_165_mask.tiff,03e0c28a1dfb576e56a0a1496aed4dd4
BaselTMA_SP43_29.3kx15.5ky_7000x8000_3_20170928_65_21_X3Y5_271_mask.tiff,4c4f9c5d5ad93765ac7416158c05e61a
BaselTMA_SP43_29.3kx15.5ky_7000x8000_3_20170928_66_157_X4Y5_370_mask.tiff,b1c0e7a9afea6eed97cd6064e77cd980
BaselTMA_SP43_9.9kx19.3ky_6000x5500_11_20170928_107_233_X13Y7_108_mask.tiff,c8228961be3d3b2db983f103afc62be6
BaselTMA_SP43_9.9kx19.3ky_6000x5500_11_20170928_108_67_X14Y7_226_mask.tiff,04abe1a69dfd36c0500f0ef313a78416
BaselTMA_SP43_9.9kx19.3ky_6000x5500_11_20170928_109_23_X15Y7_289_mask.tiff,826e8c1f26d17e4f8f7d60b96f1f7af6
BaselTMA_SP43_9.9kx19.3ky_6000x5500_11_20170928_110_128_X16Y7_331_mask.tiff,9f4f00af3147f3e73f1ccf1420bfdd3a
BaselTMA_SP43_9.9kx19.3ky_6000x5500_11_20170928_123_108_X13Y8_183_mask.tiff,6020b7be122e43a0ba50382026e1ce0f
BaselTMA_SP43_9.9kx19.3ky_6000x5500_11_20170928_124_110_X14Y8_247_mask.tiff,98b5229c10797036fa1f7f174a13dcbc
BaselTMA_SP43_9.9kx19.3ky_6000x5500_11_20170928_91_3_X13Y6_69_mask.tiff,e30d63088a525cbd194211239762deb3
BaselTMA_SP43_9.9kx19.3ky_6000x5500_11_20170928_92_65_X14Y6_204_mask.tiff,04d3c3307bb0502ba96ebb1350caada2
BaselTMA_SP43_9.9kx19.3ky_6000x5500_11_20170928_93_66_X15Y6_268_mask.tiff,42eaa5c9560cf6fd160bade98fb0d28a
BaselTMA_SP43_9.9kx19.3ky_6000x5500_11_20170928_94_97_X16Y6_310_mask.tiff,b3d3891bee5e6437dcbcdb4c9bea80f2
ZTMA208_slide_13.25kx14.95ky_7000x7000_8_20171115_261_37_Cy1x5_70_mask.tiff,412a4eabab71b5fa246725bce5332473
ZTMA208_slide_13.25kx14.95ky_7000x7000_8_20171115_262_37_Cy1x6_78_mask.tiff,a3f57181a11bcd92c7d8364793ab663b
ZTMA208_slide_13.25kx14.95ky_7000x7000_8_20171115_266_7_Cy2x2_108_mask.tiff,ea524940893c77ce83f7ee0f19d6e3f7
ZTMA208_slide_13.25kx14.95ky_7000x7000_8_20171115_267_7_Cy2x3_116_mask.tiff,f96604316819ab1586a13656f8a437ed
ZTMA208_slide_13.25kx14.95ky_7000x7000_8_20171115_271_52_Cy2x7_154_mask.tiff,4022c069823cd43fd60d0dd3a924235f
ZTMA208_slide_13.25kx14.95ky_7000x7000_8_20171115_272_52_Cy2x8_165_mask.tiff,c493cf0bf3c466754ec0223f2c8690de
ZTMA208_slide_13.25kx14.95ky_7000x7000_8_20171115_276_14_Cy3x4_197_mask.tiff,ec6b6ec8dced97131a15b604b37bb8b8
ZTMA208_slide_13.25kx14.95ky_7000x7000_8_20171115_277_14_Cy3x5_205_mask.tiff,a6d38475204c1db907b337cd7196883d
ZTMA208_slide_13.25kx14.95ky_7000x7000_8_20171115_281_66_Cy4x1_229_mask.tiff,da57353cd2bf911fdeda9fc4099e7c96
ZTMA208_slide_13.25kx14.95ky_7000x7000_8_20171115_282_66_Cy4x2_237_mask.tiff,a1511ac3ba255522687e91a7237d927f
ZTMA208_slide_13.25kx14.95ky_7000x7000_8_20171115_287_68_Cy4x7_261_mask.tiff,54feeaf76b051eba8c50200c073e3be0
ZTMA208_slide_13.25kx14.95ky_7000x7000_8_20171115_291_23_Cy5x3_278_mask.tiff,0e42331dec1cb38d0f1368c8c3eca36b
ZTMA208_slide_13.25kx14.95ky_7000x7000_8_20171115_292_23_Cy5x4_286_mask.tiff,1ae312ee5769b8f1d269dddcd496ff67
ZTMA208_slide_13.25kx14.95ky_7000x7000_8_20171115_296_21_Cy5x8_319_mask.tiff,129e4611d2c5192146f22812ce880f03
ZTMA208_slide_13.25kx14.95ky_7000x7000_8_20171115_297_21_Cy6x1_327_mask.tiff,4cf572b25554316dc709f84d15301a33
ZTMA208_slide_13.25kx14.95ky_7000x7000_8_20171115_301_18_Cy6x5_359_mask.tiff,147224bceb3b82330269aec94a88e3b2
ZTMA208_slide_13.25kx14.95ky_7000x7000_8_20171115_302_18_Cy6x6_367_mask.tiff,c8a0a69592871f22942e1c51243c2a03
ZTMA208_slide_13.25kx14.95ky_7000x7000_8_20171115_306_33_Cy7x2_400_mask.tiff,882741a20b10d78d6b583b3cb9f0e29c
ZTMA208_slide_13.25kx14.95ky_7000x7000_8_20171115_307_33_Cy7x3_408_mask.tiff,afe431acef60ac79fab079ad512798c0
ZTMA208_slide_13.25kx14.95ky_7000x7000_8_20171115_311_59_Cy7x7_440_mask.tiff,bdd084869614c986ba29277c57195982
ZTMA208_slide_13.25kx14.95ky_7000x7000_8_20171115_312_59_Cy7x8_448_mask.tiff,f2c70f0d0141d79fa72fe6960495b2e8
ZTMA208_slide_13.25kx14.95ky_7000x7000_8_20171115_316_19_Cy8x4_480_mask.tiff,cecad1db396533b137f0f44958638dfa
ZTMA208_slide_13.25kx14.95ky_7000x7000_8_20171115_317_19_Cy8x5_488_mask.tiff,824506cb7e2c7abf8b1c5a53d9c6683d
ZTMA208_slide_13.25kx21.95ky_7000x7000_9_20171115_321_13_Cy9x1_21_mask.tiff,2c332dc19268be6807c7c8e1a4aa0aeb
ZTMA208_slide_13.25kx21.95ky_7000x7000_9_20171115_322_13_Cy9x2_39_mask.tiff,d0af19f28ab2be9b4b3711ea2cc5856d
ZTMA208_slide_13.25kx21.95ky_7000x7000_9_20171115_326_22_Cy9x6_79_mask.tiff,721cc8463807db4ddfbaf43464d8a592
ZTMA208_slide_13.25kx21.95ky_7000x7000_9_20171115_327_22_Cy9x7_87_mask.tiff,e68d142fa4ba41a8f63a0e5fe001905d
ZTMA208_slide_13.25kx21.95ky_7000x7000_9_20171115_331_54_Cy10x3_117_mask.tiff,0271684e368ede5ffc8a19db8593e255
ZTMA208_slide_13.25kx21.95ky_7000x7000_9_20171115_332_54_Cy10x4_131_mask.tiff,03f440a8c9f1dfbb3dd3e95e91d7dd97
ZTMA208_slide_13.25kx21.95ky_7000x7000_9_20171115_336_27_Cy10x8_166_mask.tiff,0c285f765e7520f7f6ec726edfdb8948
ZTMA208_slide_13.25kx21.95ky_7000x7000_9_20171115_337_27_Cy11x1_174_mask.tiff,462528524d645a5b0b88cfc1cc00fac8
ZTMA208_slide_13.25kx21.95ky_7000x7000_9_20171115_342_57_Cy11x6_214_mask.tiff,f16ae48bf9ab36af69f19da3691dffc1
ZTMA208_slide_13.25kx21.95ky_7000x7000_9_20171115_343_57_Cy11x7_222_mask.tiff,f9aed153226bc9cefc4bdf9e86be9856
ZTMA208_slide_13.25kx21.95ky_7000x7000_9_20171115_348_63_Cy12x4_254_mask.tiff,eb4658cd394d7b3bd8ee60cfdca3ac95
ZTMA208_slide_13.25kx21.95ky_7000x7000_9_20171115_352_8_Cy12x8_287_mask.tiff,019cc29b0292d1b7ce46d7ee4c1adf66
ZTMA208_slide_13.25kx21.95ky_7000x7000_9_20171115_353_8_Cy13x1_295_mask.tiff,d423441b12637dd23349faa3936ee615
ZTMA208_slide_13.25kx21.95ky_7000x7000_9_20171115_358_60_Cy13x6_336_mask.tiff,0b616ae97bb506371aa3bfc1913c3001
ZTMA208_slide_13.25kx21.95ky_7000x7000_9_20171115_359_60_Cy13x7_344_mask.tiff,ee14ad4e36d5d48dda096afda7e69284
ZTMA208_slide_13.25kx21.95ky_7000x7000_9_20171115_363_28_Cy14x3_376_mask.tiff,5944d3418ea81edcfa303cce554f65d9
ZTMA208_slide_13.25kx21.95ky_7000x7000_9_20171115_364_28_Cy14x4_384_mask.tiff,dcdaef0a3017d86ef01f9ddf16eb3bfe
ZTMA208_slide_13.25kx21.95ky_7000x7000_9_20171115_369_41_Cy15x1_425_mask.tiff,2e50decbecb72fe02bd7b8da2de2ea20
ZTMA208_slide_13.25kx21.95ky_7000x7000_9_20171115_370_41_Cy15x2_433_mask.tiff,21345097e2964612d22fea174d886ea6
ZTMA208_slide_20.73kx15.16ky_7000x7000_6_20171115_130_24_By1x2_30_mask.tiff,162d0758755c217d2d84cb36462c04d8
ZTMA208_slide_20.73kx15.16ky_7000x7000_6_20171115_131_24_By1x3_48_mask.tiff,f99b637c78941c9bdc567849827c992c
ZTMA208_slide_20.73kx15.16ky_7000x7000_6_20171115_136_56_By1x8_84_mask.tiff,7127d7360f34d0a64b592f248dc80444
ZTMA208_slide_20.73kx15.16ky_7000x7000_6_20171115_137_56_By2x1_92_mask.tiff,e7d8037deaea540e622b3840033e53fb
ZTMA208_slide_20.73kx15.16ky_7000x7000_6_20171115_141_49_By2x5_122_mask.tiff,100432e698838f94cbabc763a77c819c
ZTMA208_slide_20.73kx15.16ky_7000x7000_6_20171115_142_49_By2x6_128_mask.tiff,ccbb6b730256332d4998d2ebc6a5731d
ZTMA208_slide_20.73kx15.16ky_7000x7000_6_20171115_146_48_By3x2_163_mask.tiff,d2689b77ce0c302941bfe560a3ecf829
ZTMA208_slide_20.73kx15.16ky_7000x7000_6_20171115_147_48_By3x3_171_mask.tiff,f792835b49308897a6c245416d652471
ZTMA208_slide_20.73kx15.16ky_7000x7000_6_20171115_152_9_By3x8_211_mask.tiff,ed5b07bc5a7781c67f31842c4948d37e
ZTMA208_slide_20.73kx15.16ky_7000x7000_6_20171115_153_9_By4x1_219_mask.tiff,628ba2721b252769ab080098ad138bc0
ZTMA208_slide_20.73kx15.16ky_7000x7000_6_20171115_158_38_By4x6_259_mask.tiff,00f2bd8838b0cd51c33826c36d372cc1
ZTMA208_slide_20.73kx15.16ky_7000x7000_6_20171115_159_38_By4x7_267_mask.tiff,a9f3996a868dbb7e9982c6d485d9a3ab
ZTMA208_slide_20.73kx15.16ky_7000x7000_6_20171115_163_58_By5x3_292_mask.tiff,a98b3d9e01623922bcd5bfe8f9c78a34
ZTMA208_slide_20.73kx15.16ky_7000x7000_6_20171115_164_58_By5x4_300_mask.tiff,61e7fcd2cadce5db4da1374ad761c717
ZTMA208_slide_20.73kx15.16ky_7000x7000_6_20171115_168_11_By5x8_333_mask.tiff,aa14a6d679f7b585703817eb53e0722a
ZTMA208_slide_20.73kx15.16ky_7000x7000_6_20171115_169_11_By6x1_341_mask.tiff,69d1b985854e8d658795d470c3288028
ZTMA208_slide_20.73kx15.16ky_7000x7000_6_20171115_173_36_By6x5_373_mask.tiff,c262a61e937617a56346b12c5b59322b
ZTMA208_slide_20.73kx15.16ky_7000x7000_6_20171115_174_36_By6x6_381_mask.tiff,d8712e90e79e497e175ce71a415c7755
ZTMA208_slide_20.73kx15.16ky_7000x7000_6_20171115_178_40_By7x2_414_mask.tiff,96a7195472114354d8469857fb2688dd
ZTMA208_slide_20.73kx15.16ky_7000x7000_6_20171115_179_40_By7x3_422_mask.tiff,d41b239b0695d2b1daf59a01916cab91
ZTMA208_slide_20.73kx15.16ky_7000x7000_6_20171115_188_32_By8x4_478_mask.tiff,88d405789616a498fb239b0ec7cfc44b
ZTMA208_slide_20.73kx15.16ky_7000x7000_6_20171115_189_32_By8x5_486_mask.tiff,705652fb7fa5e32cbbbd9f4f07c3a0ca
ZTMA208_slide_20.73kx22.16ky_7000x7000_7_20171115_193_62_By9x1_15_mask.tiff,f40d354ca7b7f5577e759a593cfcc313
ZTMA208_slide_20.73kx22.16ky_7000x7000_7_20171115_194_62_By9x2_33_mask.tiff,6a3e576cdc2e79053f17b32699b9b2fa
ZTMA208_slide_20.73kx22.16ky_7000x7000_7_20171115_198_30_By9x6_77_mask.tiff,0091c7b2355f0b4c0285fb76dbb17250
ZTMA208_slide_20.73kx22.16ky_7000x7000_7_20171115_204_10_By10x4_115_mask.tiff,ec7baa8e0a404ea553954b4aa577cf83
ZTMA208_slide_20.73kx22.16ky_7000x7000_7_20171115_205_10_By10x5_123_mask.tiff,9b4a7117160bd4da3fe089bc29efbf70
ZTMA208_slide_20.73kx22.16ky_7000x7000_7_20171115_209_45_By11x1_153_mask.tiff,516a2821961be0b6f776f8bdc5027256
ZTMA208_slide_20.73kx22.16ky_7000x7000_7_20171115_210_45_By11x2_164_mask.tiff,f0453065ca51f6487787aaa5b1ebe43a
ZTMA208_slide_20.73kx22.16ky_7000x7000_7_20171115_214_53_By11x6_196_mask.tiff,55cb12c5c53a7bb5d6154ec3227884c7
ZTMA208_slide_20.73kx22.16ky_7000x7000_7_20171115_215_53_By11x7_204_mask.tiff,5282529cb6512d1085986f5a3449bd31
ZTMA208_slide_20.73kx22.16ky_7000x7000_7_20171115_220_29_By12x4_244_mask.tiff,591b999cd6acf5c1d447b7a443dbd0c0
ZTMA208_slide_20.73kx22.16ky_7000x7000_7_20171115_221_29_By12x5_252_mask.tiff,7e6c56ad07aa224a12d48b4ce31977f9
ZTMA208_slide_20.73kx22.16ky_7000x7000_7_20171115_225_70_By13x1_285_mask.tiff,0be34e44e97bb377275b101161e8266c
ZTMA208_slide_20.73kx22.16ky_7000x7000_7_20171115_226_70_By13x2_293_mask.tiff,887df68ef88c5c56351c14e3137c9870
ZTMA208_slide_20.73kx22.16ky_7000x7000_7_20171115_230_15_By13x6_326_mask.tiff,e8da5b124383e667f693efb2ee5aa07f
ZTMA208_slide_20.73kx22.16ky_7000x7000_7_20171115_231_15_By13x7_334_mask.tiff,aa54d12982a04390b071bd346166a8d8
ZTMA208_slide_20.73kx22.16ky_7000x7000_7_20171115_235_72_By14x3_366_mask.tiff,5b99c2d98b837b020b00450dd6cb5a16
ZTMA208_slide_20.73kx22.16ky_7000x7000_7_20171115_236_72_By14x4_374_mask.tiff,111d1431ba09ef94cb5df4d6022e3c0b
ZTMA208_slide_20.73kx22.16ky_7000x7000_7_20171115_240_25_By14x8_407_mask.tiff,75c8327f7a995d6193cc55f08ab42563
ZTMA208_slide_20.73kx22.16ky_7000x7000_7_20171115_241_25_By15x1_415_mask.tiff,36beee383e4742ecbe9eecc8d6efdb3b
ZTMA208_slide_20.73kx22.16ky_7000x7000_7_20171115_245_35_By15x5_447_mask.tiff,aab63a791da5e07aad8423694655d0ef
ZTMA208_slide_20.73kx22.16ky_7000x7000_7_20171115_246_35_By15x6_455_mask.tiff,4f4254aae4f07d62f15aca4224313d6d
ZTMA208_slide_20.73kx22.16ky_7000x7000_7_20171115_250_65_By16x2_487_mask.tiff,0bafff7be360a4d46fe2745af47ff7ca
ZTMA208_slide_20.73kx22.16ky_7000x7000_7_20171115_251_65_By16x3_494_mask.tiff,22179a59ca910c3746fec77aadc71053
ZTMA208_slide_20.73kx22.16ky_7000x7000_7_20171115_255_2_By16x7_517_mask.tiff,e0c83ab360b5faa013d36284d48f6bfc
ZTMA208_slide_20.73kx22.16ky_7000x7000_7_20171115_256_2_By16x8_520_mask.tiff,2b7f4fd4bb5e45e98c79c49d12a08539
ZTMA208_slide_28.23kx15.4ky_7000x7000_4_20171115_12_4_Ay2x4_120_mask.tiff,875c579cf838edcffd934babc925230b
ZTMA208_slide_28.23kx15.4ky_7000x7000_4_20171115_13_4_Ay2x5_126_mask.tiff,c998559a40b89b0eeba57e125f210ce8
ZTMA208_slide_28.23kx15.4ky_7000x7000_4_20171115_18_64_Ay3x2_161_mask.tiff,285622ac8a8987e13c7293762c4027e3
ZTMA208_slide_28.23kx15.4ky_7000x7000_4_20171115_22_26_Ay3x6_193_mask.tiff,99134a4b1dcde33a7045d58e8c8b04ad
ZTMA208_slide_28.23kx15.4ky_7000x7000_4_20171115_23_26_Ay3x7_201_mask.tiff,b9383f2a60a4e90aa3fb00ccf409008d
ZTMA208_slide_28.23kx15.4ky_7000x7000_4_20171115_27_6_Ay4x3_233_mask.tiff,6f52d91e9b48fa35ed0d4a5547bb3c11
ZTMA208_slide_28.23kx15.4ky_7000x7000_4_20171115_28_6_Ay4x4_241_mask.tiff,e328b6117253302b1c0bcbee117e0e8a
ZTMA208_slide_28.23kx15.4ky_7000x7000_4_20171115_2_5_Ay1x2_24_mask.tiff,2f29836dd689cd2414f596949ad06251
ZTMA208_slide_28.23kx15.4ky_7000x7000_4_20171115_32_69_Ay4x8_265_mask.tiff,f609edf9bf62bf6c2414fe0a28c9b7e5
ZTMA208_slide_28.23kx15.4ky_7000x7000_4_20171115_37_20_Ay5x5_306_mask.tiff,e7c2ce9068d9ad13f406bc633dfb424a
ZTMA208_slide_28.23kx15.4ky_7000x7000_4_20171115_38_20_Ay5x6_315_mask.tiff,2f97e22e5b4642c81f4e774acdced729
ZTMA208_slide_28.23kx15.4ky_7000x7000_4_20171115_42_44_Ay6x2_347_mask.tiff,dbfd6177a14e93f9b9dc5f00ef492657
ZTMA208_slide_28.23kx15.4ky_7000x7000_4_20171115_43_44_Ay6x3_355_mask.tiff,908285649041ad6f9c59d2ef1b8a82c6
ZTMA208_slide_28.23kx15.4ky_7000x7000_4_20171115_47_51_Ay6x7_387_mask.tiff,da0258f45b99ddb3c367b22154b234aa
ZTMA208_slide_28.23kx15.4ky_7000x7000_4_20171115_48_51_Ay6x8_396_mask.tiff,ad971d64a968781a6d4079227afad185
ZTMA208_slide_28.23kx15.4ky_7000x7000_4_20171115_52_31_Ay7x4_428_mask.tiff,08ea13b57681b49199764d59aa6101d6
ZTMA208_slide_28.23kx15.4ky_7000x7000_4_20171115_53_31_Ay7x5_436_mask.tiff,91ba7ed9ac5f5c0711ddcdc6f9c9730a
ZTMA208_slide_28.23kx15.4ky_7000x7000_4_20171115_58_17_Ay8x2_476_mask.tiff,23348839e112f9fc6feb7bab18260885
ZTMA208_slide_28.23kx15.4ky_7000x7000_4_20171115_62_61_Ay8x6_505_mask.tiff,7896a583dd35fb0665f8022b22ebf236
ZTMA208_slide_28.23kx15.4ky_7000x7000_4_20171115_63_61_Ay8x7_512_mask.tiff,63b94269d9deb3fe4ce3bffe8058ea97
ZTMA208_slide_28.23kx15.4ky_7000x7000_4_20171115_7_42_Ay1x7_82_mask.tiff,5a4782ba6ade8415dd33d395b171f5aa
ZTMA208_slide_28.23kx15.4ky_7000x7000_4_20171115_8_42_Ay1x8_90_mask.tiff,24a0bbcc3f96601cc58a34a809460d17
ZTMA208_slide_28.23kx22.4ky_7000x7000_5_20171115_103_12_Ay13x7_324_mask.tiff,dfb686a1dbb7b2209ebc037d943004de
ZTMA208_slide_28.23kx22.4ky_7000x7000_5_20171115_104_12_Ay13x8_332_mask.tiff,65abda2106c0222ccc0093d0638458c9
ZTMA208_slide_28.23kx22.4ky_7000x7000_5_20171115_108_67_Ay14x4_364_mask.tiff,cda0a3b079e6547d4ca26318ac9590ee
ZTMA208_slide_28.23kx22.4ky_7000x7000_5_20171115_109_67_Ay14x5_372_mask.tiff,88fe9b86264aa2f391f433f9c85066d4
ZTMA208_slide_28.23kx22.4ky_7000x7000_5_20171115_114_71_Ay15x2_397_mask.tiff,4e30bb49117a4cc58f7376f91bd6ecf9
ZTMA208_slide_28.23kx22.4ky_7000x7000_5_20171115_119_39_Ay15x7_437_mask.tiff,ced356e12caed115d781bdf67aa791c7
ZTMA208_slide_28.23kx22.4ky_7000x7000_5_20171115_120_39_Ay15x8_445_mask.tiff,028ae99c593a405432c04e8cce9a3466
ZTMA208_slide_28.23kx22.4ky_7000x7000_5_20171115_124_16_Ay16x4_477_mask.tiff,ca93d19e5d71ea58eaf70ee41bb51d67
ZTMA208_slide_28.23kx22.4ky_7000x7000_5_20171115_125_16_Ay16x5_485_mask.tiff,fd08499edfd2732fd857510994100f90
ZTMA208_slide_28.23kx22.4ky_7000x7000_5_20171115_67_47_Ay9x3_45_mask.tiff,7d08e60179338b39363eeeb6ae2d1756
ZTMA208_slide_28.23kx22.4ky_7000x7000_5_20171115_68_47_Ay9x4_59_mask.tiff,c1ab1c6eeeb93e7805b2db6fa460be7f
ZTMA208_slide_28.23kx22.4ky_7000x7000_5_20171115_72_3_Ay9x8_91_mask.tiff,a0bca6028e06f4d5a09a0301aa4a6f36
ZTMA208_slide_28.23kx22.4ky_7000x7000_5_20171115_77_43_Ay10x5_127_mask.tiff,ee7f5a5aac6c2448a5673b51758f6dd2
ZTMA208_slide_28.23kx22.4ky_7000x7000_5_20171115_78_43_Ay10x6_135_mask.tiff,5983c6111f2494d2084a646450dc0ddd
ZTMA208_slide_28.23kx22.4ky_7000x7000_5_20171115_82_50_Ay11x2_170_mask.tiff,380d001570f3fef31e6fbe85a3d690f6
ZTMA208_slide_28.23kx22.4ky_7000x7000_5_20171115_83_50_Ay11x3_178_mask.tiff,39eb61d4961ac7adadf68fa0a2d0c3d0
ZTMA208_slide_28.23kx22.4ky_7000x7000_5_20171115_87_55_Ay11x7_210_mask.tiff,e6b0933b9836f03b83ad222093485036
ZTMA208_slide_28.23kx22.4ky_7000x7000_5_20171115_88_55_Ay11x8_218_mask.tiff,16f19756afc19ac949de3ea1955dff43
ZTMA208_slide_28.23kx22.4ky_7000x7000_5_20171115_93_1_Ay12x5_258_mask.tiff,8649e67323017f2cfc3be2d2499e6406
ZTMA208_slide_28.23kx22.4ky_7000x7000_5_20171115_94_1_Ay12x6_266_mask.tiff,3af4dcc906f9851668f88c0a066e9083
